{"logD_test_RMSE_mean": 0.5490553480991132, "logD_test_R2_mean": 0.8086315540180747, "logD_test_RMSE_std": 0.01633879894945917, "logD_test_R2_std": 0.011389493966834389, "logD_val_RMSE_mean": 0.5486542538431325, "logD_val_R2_mean": 0.7862518608291648, "logD_val_RMSE_std": 0.03347453568853076, "logD_val_R2_std": 0.02534855764511343, "logP_test_RMSE_mean": 0.42936796480160166, "logP_test_R2_mean": 0.9470391066997885, "logP_test_RMSE_std": 0.0056240911265410965, "logP_test_R2_std": 0.0013863135490751399, "logP_val_RMSE_mean": 0.44563846042960814, "logP_val_R2_mean": 0.9429609417875829, "logP_val_RMSE_std": 0.007402314532646247, "logP_val_R2_std": 0.0025771025238133316}