{"logS_test_RMSE_mean": 0.5979931145829062, "logS_test_R2_mean": 0.9146538802143012, "logS_test_RMSE_std": 0.04353986616179401, "logS_test_R2_std": 0.013567706019145339, "logS_val_RMSE_mean": 0.5968420121979352, "logS_val_R2_mean": 0.9203932936903323, "logS_val_RMSE_std": 0.05341842794013198, "logS_val_R2_std": 0.014966165665114451}