{"logD_test_RMSE_mean": 0.5511810918880272, "logD_test_R2_mean": 0.7882703822052328, "logD_test_RMSE_std": 0.01693852599864957, "logD_test_R2_std": 0.004914592762039031, "logD_val_RMSE_mean": 0.5586016395447948, "logD_val_R2_mean": 0.7955172102099202, "logD_val_RMSE_std": 0.04817510727879114, "logD_val_R2_std": 0.032794395249574754}