{"logD_test_RMSE_mean": 0.5899300727054844, "logD_test_R2_mean": 0.7590419646046771, "logD_test_RMSE_std": 0.019466256058403575, "logD_test_R2_std": 0.015885537581005627, "logD_val_RMSE_mean": 0.567781280705559, "logD_val_R2_mean": 0.7743354451379527, "logD_val_RMSE_std": 0.016559999842458453, "logD_val_R2_std": 0.018110520354193502}