{"logP_test_RMSE_mean": 0.4335422901730814, "logP_test_R2_mean": 0.9460144342833106, "logP_test_RMSE_std": 0.013242862849943818, "logP_test_R2_std": 0.00306135274381786, "logP_val_RMSE_mean": 0.4219230413522276, "logP_val_R2_mean": 0.9496017357615267, "logP_val_RMSE_std": 0.012825138542559724, "logP_val_R2_std": 0.0019343180941403196, "logD_test_RMSE_mean": 0.5372468383631601, "logD_test_R2_mean": 0.7990228990407138, "logD_test_RMSE_std": 0.02923679952790578, "logD_test_R2_std": 0.018081379229731336, "logD_val_RMSE_mean": 0.5525475994086398, "logD_val_R2_mean": 0.7826917627829962, "logD_val_RMSE_std": 0.05914088393518123, "logD_val_R2_std": 0.04228704182283179}