{"logD_test_RMSE_mean": 0.5851651755947607, "logD_test_R2_mean": 0.7631765696257866, "logD_test_RMSE_std": 0.0, "logD_test_R2_std": 0.0, "logD_val_RMSE_mean": 0.5652039667102216, "logD_val_R2_mean": 0.7747414582325969, "logD_val_RMSE_std": 0.0, "logD_val_R2_std": 0.0}