{"logP_test_RMSE_mean": 0.4438227192742765, "logP_test_R2_mean": 0.9433513342867019, "logP_test_RMSE_std": 0.01960545102985266, "logP_test_R2_std": 0.0053687301603803595, "logP_val_RMSE_mean": 0.4403140383406539, "logP_val_R2_mean": 0.9429863992288942, "logP_val_RMSE_std": 0.026530305709374476, "logP_val_R2_std": 0.006305871385314477, "logS_test_RMSE_mean": 0.5787372820195269, "logS_test_R2_mean": 0.9210994235899651, "logS_test_RMSE_std": 0.04036145592612279, "logS_test_R2_std": 0.013598543232410651, "logS_val_RMSE_mean": 0.5224488887093273, "logS_val_R2_mean": 0.9406835566511456, "logS_val_RMSE_std": 0.03643358785745504, "logS_val_R2_std": 0.006877618717918963}