{"logP_test_RMSE_mean": 0.44961259830847833, "logP_test_R2_mean": 0.939956952320504, "logP_test_RMSE_std": 0.006926125059166815, "logP_test_R2_std": 0.0018582443194193252, "logP_val_RMSE_mean": 0.4418805745178885, "logP_val_R2_mean": 0.9442419817804042, "logP_val_RMSE_std": 0.00787740171620661, "logP_val_R2_std": 0.0016086266632574636}