{"logS_test_RMSE_mean": 0.6124680144556179, "logS_test_R2_mean": 0.9104295457589782, "logS_test_RMSE_std": 0.027207616961314227, "logS_test_R2_std": 0.013896815407420925, "logS_val_RMSE_mean": 0.6202928647888248, "logS_val_R2_mean": 0.9147212291424136, "logS_val_RMSE_std": 0.05570228826378647, "logS_val_R2_std": 0.011356292399784619}