{"logD_test_RMSE_mean": 0.5970753506678064, "logD_test_R2_mean": 0.7533658130120899, "logD_test_RMSE_std": 0.010221839629856054, "logD_test_R2_std": 0.008515610580051345, "logD_val_RMSE_mean": 0.5656483456672089, "logD_val_R2_mean": 0.7756919001778875, "logD_val_RMSE_std": 0.015642484684611963, "logD_val_R2_std": 0.022039587160824815}