{"test_RMSE_mean": 0.5875021622559263, "test_R2_mean": 0.8529364117160795, "test_RMSE_std": 0.008410467888797728, "test_R2_std": 0.004217820150505952, "val_RMSE_mean": 0.6113900280478809, "val_R2_mean": 0.8493288500456372, "val_RMSE_std": 0.00923517071690585, "val_R2_std": 0.005448971471751994}