{"logP_test_RMSE_mean": 0.4810024691111202, "logP_test_R2_mean": 0.9312853595133967, "logP_test_RMSE_std": 0.006190531506308477, "logP_test_R2_std": 0.0017679891899386037, "logP_val_RMSE_mean": 0.4710830089778471, "logP_val_R2_mean": 0.9366326498544686, "logP_val_RMSE_std": 0.0035896818651832223, "logP_val_R2_std": 0.0009117876262800175}