{"Energy_test_RMSE_mean": 1.1110675122690503, "Energy_test_R2_mean": 0.925719511617788, "Energy_test_RMSE_std": 0.08457604066092014, "Energy_test_R2_std": 0.0116941376655131, "Energy_val_RMSE_mean": 0.9800696275372957, "Energy_val_R2_mean": 0.9316942239496797, "Energy_val_RMSE_std": 0.0653516326786313, "Energy_val_R2_std": 0.017803575051641006}