{"logS_test_RMSE_mean": 0.7054535712940468, "logS_test_R2_mean": 0.8697506031540759, "logS_test_RMSE_std": 0.023723494856325054, "logS_test_R2_std": 0.00875622229906223, "logS_val_RMSE_mean": 0.6108548509373093, "logS_val_R2_mean": 0.9136346372699612, "logS_val_RMSE_std": 0.027218656428082633, "logS_val_R2_std": 0.009063104763577938}