{"logS_test_RMSE_mean": 0.722145191737374, "logS_test_R2_mean": 0.86364079743976, "logS_test_RMSE_std": 0.010246049332015884, "logS_test_R2_std": 0.003861992600229363, "logS_val_RMSE_mean": 0.6217451952851565, "logS_val_R2_mean": 0.9103992930230762, "logS_val_RMSE_std": 0.03061745683170785, "logS_val_R2_std": 0.01071018873344005}