{"logP_test_RMSE_mean": 0.4552805580824301, "logP_test_R2_mean": 0.9384403200418978, "logP_test_RMSE_std": 0.005142565414610278, "logP_test_R2_std": 0.0013915110976944981, "logP_val_RMSE_mean": 0.44496254769698024, "logP_val_R2_mean": 0.9434385734323423, "logP_val_RMSE_std": 0.011479304874354388, "logP_val_R2_std": 0.0027035926302937424}