{"logD_test_RMSE_mean": 0.5404538148857945, "logD_test_R2_mean": 0.8145800887307529, "logD_test_RMSE_std": 0.016106206652111245, "logD_test_R2_std": 0.01118827240458335, "logD_val_RMSE_mean": 0.5541323214417728, "logD_val_R2_mean": 0.7818210287584035, "logD_val_RMSE_std": 0.05853331884816706, "logD_val_R2_std": 0.037366383764996694, "logP_test_RMSE_mean": 0.42871201939043374, "logP_test_R2_mean": 0.9472092068064333, "logP_test_RMSE_std": 0.001504670251456202, "logP_test_R2_std": 0.00037046371390959026, "logP_val_RMSE_mean": 0.4435603702016072, "logP_val_R2_mean": 0.9434721347195955, "logP_val_RMSE_std": 0.005394531833803467, "logP_val_R2_std": 0.002080539198064153}