{"logD_test_RMSE_mean": 0.6216892217656378, "logD_test_R2_mean": 0.7326465274179405, "logD_test_RMSE_std": 0.007973357652523008, "logD_test_R2_std": 0.006876978427113828, "logD_val_RMSE_mean": 0.5873179442031171, "logD_val_R2_mean": 0.7586464726592697, "logD_val_RMSE_std": 0.0096718122577358, "logD_val_R2_std": 0.01608383213403189}