{"test_RMSE_mean": 0.5089676399632119, "test_R2_mean": 0.9227931710966006, "test_RMSE_std": 0.030849958293007865, "test_R2_std": 0.009558643500674723, "val_RMSE_mean": 0.4767503028080276, "val_R2_mean": 0.935047359315262, "val_RMSE_std": 0.019366482092152193, "val_R2_std": 0.004589251847809515}