{"logS_test_RMSE_mean": 0.619421772885119, "logS_test_R2_mean": 0.8995683370078555, "logS_test_RMSE_std": 0.02204489660341246, "logS_test_R2_std": 0.00715196428584374, "logS_val_RMSE_mean": 0.5724781514302644, "logS_val_R2_mean": 0.9242568841495644, "logS_val_RMSE_std": 0.014120310194206486, "logS_val_R2_std": 0.005314178961700417}