{"logS_test_RMSE_mean": 0.6213950485069215, "logS_test_R2_mean": 0.8990073266977411, "logS_test_RMSE_std": 0.013545109024239544, "logS_test_R2_std": 0.004448406473666476, "logS_val_RMSE_mean": 0.5596324321052009, "logS_val_R2_mean": 0.9277045190101167, "logS_val_RMSE_std": 0.013078063046693577, "logS_val_R2_std": 0.003551095881244332}