{"test_RMSE_mean": 0.5963388354534829, "test_R2_mean": 0.7546025017340277, "test_RMSE_std": 0.013670810882365459, "test_R2_std": 0.011260175928796353, "val_RMSE_mean": 0.5770042122995922, "val_R2_mean": 0.7678065913616356, "val_RMSE_std": 0.008585172313658697, "val_R2_std": 0.007762507012591935}