{"Energy_test_RMSE_mean": 1.0890794090259872, "Energy_test_R2_mean": 0.9286812676169826, "Energy_test_RMSE_std": 0.07761047389365804, "Energy_test_R2_std": 0.010470722916843712, "Energy_val_RMSE_mean": 1.0175138625836908, "Energy_val_R2_mean": 0.927116311346659, "Energy_val_RMSE_std": 0.09819321127936181, "Energy_val_R2_std": 0.017087442198272042}
