{"test_RMSE_mean": 0.49520892384498344, "test_R2_mean": 0.9270397993348262, "test_RMSE_std": 0.021611607360828563, "test_R2_std": 0.0064159496556052235, "val_RMSE_mean": 0.4706355060498588, "val_R2_mean": 0.93669835641236, "val_RMSE_std": 0.01573737531863941, "val_R2_std": 0.004019865195993182}