{"logD_test_RMSE_mean": 0.5367652621549737, "logD_test_R2_mean": 0.8171854480685827, "logD_test_RMSE_std": 0.011177880908062354, "logD_test_R2_std": 0.007576892911644122, "logD_val_RMSE_mean": 0.5410228842554615, "logD_val_R2_mean": 0.7923790654845455, "logD_val_RMSE_std": 0.04675494418837768, "logD_val_R2_std": 0.027877201058712754, "logP_test_RMSE_mean": 0.4222295235881271, "logP_test_R2_mean": 0.9487807059658333, "logP_test_RMSE_std": 0.006867494487787892, "logP_test_R2_std": 0.0016645024466940697, "logP_val_RMSE_mean": 0.4429206216299264, "logP_val_R2_mean": 0.9435905981740947, "logP_val_RMSE_std": 0.007361481743637378, "logP_val_R2_std": 0.0031850669225327124}