{"logD_test_RMSE_mean": 0.5540513362499959, "logD_test_R2_mean": 0.8052959567211636, "logD_test_RMSE_std": 0.003879641371130062, "logD_test_R2_std": 0.0027262422084961334, "logD_val_RMSE_mean": 0.5682368266124342, "logD_val_R2_mean": 0.7708050240973392, "logD_val_RMSE_std": 0.05545560280820693, "logD_val_R2_std": 0.03515473928064093, "logP_test_RMSE_mean": 0.44180572049305117, "logP_test_R2_mean": 0.9439314834879586, "logP_test_RMSE_std": 0.003959310807058121, "logP_test_R2_std": 0.0010018176074086352, "logP_val_RMSE_mean": 0.45331286357543343, "logP_val_R2_mean": 0.9408970537715123, "logP_val_RMSE_std": 0.008738640289737705, "logP_val_R2_std": 0.003786376359233997}