{"logP_test_RMSE_mean": 0.488669900427786, "logP_test_R2_mean": 0.9290870557313843, "logP_test_RMSE_std": 0.0025256696346065395, "logP_test_R2_std": 0.0007340666877960269, "logP_val_RMSE_mean": 0.473436720589037, "logP_val_R2_mean": 0.9359912963893032, "logP_val_RMSE_std": 0.008849459507260583, "logP_val_R2_std": 0.002019010792275334}