{"logD_test_RMSE_mean": 0.6107210132903272, "logD_test_R2_mean": 0.741877315750537, "logD_test_RMSE_std": 0.015306657245856106, "logD_test_R2_std": 0.012761621861255693, "logD_val_RMSE_mean": 0.5755319682149017, "logD_val_R2_mean": 0.7676184497028344, "logD_val_RMSE_std": 0.016321468959088096, "logD_val_R2_std": 0.024771417646466582}