{"logD_test_RMSE_mean": 0.5568671709126335, "logD_test_R2_mean": 0.782884952104148, "logD_test_RMSE_std": 0.033238557698125004, "logD_test_R2_std": 0.030445609723046906, "logD_val_RMSE_mean": 0.5735831368230014, "logD_val_R2_mean": 0.7681205198700838, "logD_val_RMSE_std": 0.03236279884413899, "logD_val_R2_std": 0.021474302562009915, "logP_test_RMSE_mean": 0.6598000935711122, "logP_test_R2_mean": 0.8129728832277634, "logP_test_RMSE_std": 0.09835236294044479, "logP_test_R2_std": 0.03774328977369934, "logP_val_RMSE_mean": 0.627828552415097, "logP_val_R2_mean": 0.7592879485967968, "logP_val_RMSE_std": 0.14428642351005824, "logP_val_R2_std": 0.07421769891883667}