{"logP_test_RMSE_mean": 0.45723657816379104, "logP_test_R2_mean": 0.9405089557261233, "logP_test_RMSE_std": 0.005383220715316055, "logP_test_R2_std": 0.001400219115591272, "logP_val_RMSE_mean": 0.43088371714257584, "logP_val_R2_mean": 0.9465946297905694, "logP_val_RMSE_std": 0.011105549997925327, "logP_val_R2_std": 0.002814523979382807}