{"Energy_test_RMSE_mean": 1.0942214635015706, "Energy_test_R2_mean": 0.9283252595005103, "Energy_test_RMSE_std": 0.02734104540513189, "Energy_test_R2_std": 0.003612798137678888, "Energy_val_RMSE_mean": 0.9198221409911468, "Energy_val_R2_mean": 0.9408638794296338, "Energy_val_RMSE_std": 0.09604950200487393, "Energy_val_R2_std": 0.012138353244084582}