{"logP_test_RMSE_mean": 0.45434002700482906, "logP_test_R2_mean": 0.9407450363923993, "logP_test_RMSE_std": 0.010383258588593895, "logP_test_R2_std": 0.0019778923600299388, "logP_val_RMSE_mean": 0.4456843872860953, "logP_val_R2_mean": 0.9437172125378757, "logP_val_RMSE_std": 0.01822844194457092, "logP_val_R2_std": 0.003849725080635849, "logD_test_RMSE_mean": 0.5865768317156729, "logD_test_R2_mean": 0.760316230396365, "logD_test_RMSE_std": 0.03440360332132656, "logD_test_R2_std": 0.02374098953629268, "logD_val_RMSE_mean": 0.5939233529691396, "logD_val_R2_mean": 0.7465928275307483, "logD_val_RMSE_std": 0.09337969115752107, "logD_val_R2_std": 0.0763470030764898}