{"logD_test_RMSE_mean": 0.7278286593838965, "logD_test_R2_mean": 0.711637350464407, "logD_test_RMSE_std": 0.05475907873804864, "logD_test_R2_std": 0.03745812754320307, "logD_val_RMSE_mean": 0.6713813848509071, "logD_val_R2_mean": 0.7160213577969553, "logD_val_RMSE_std": 0.11133732542758075, "logD_val_R2_std": 0.11383856764769582, "logP_test_RMSE_mean": 0.4552057920555489, "logP_test_R2_mean": 0.9404781220948666, "logP_test_RMSE_std": 0.01488987570058956, "logP_test_R2_std": 0.00349872306943786, "logP_val_RMSE_mean": 0.43912212370336084, "logP_val_R2_mean": 0.9442635587602443, "logP_val_RMSE_std": 0.014904925018712508, "logP_val_R2_std": 0.00351757327544327}