{"logS_test_RMSE_mean": 0.6371529869588579, "logS_test_R2_mean": 0.8937552528189561, "logS_test_RMSE_std": 0.02101146859951586, "logS_test_R2_std": 0.007018216893991421, "logS_val_RMSE_mean": 0.5739649761322702, "logS_val_R2_mean": 0.9238741592783057, "logS_val_RMSE_std": 0.015018052572987137, "logS_val_R2_std": 0.00529020758510375}