{"logD_test_RMSE_mean": 0.6301307380825819, "logD_test_R2_mean": 0.7200592064574138, "logD_test_RMSE_std": 0.03908777866803445, "logD_test_R2_std": 0.0340539513888674, "logD_val_RMSE_mean": 0.5723846065513766, "logD_val_R2_mean": 0.7723270370770001, "logD_val_RMSE_std": 0.020171484654931942, "logD_val_R2_std": 0.009795892643085185, "logP_test_RMSE_mean": 0.8200167837916413, "logP_test_R2_mean": 0.7063615075217807, "logP_test_RMSE_std": 0.08716336847560004, "logP_test_R2_std": 0.06485400182964797, "logP_val_RMSE_mean": 0.6524395805035271, "logP_val_R2_mean": 0.807062064041657, "logP_val_RMSE_std": 0.04324038093925581, "logP_val_R2_std": 0.04243093486823652}