{"logP_test_RMSE_mean": 0.4357671537150131, "logP_test_R2_mean": 0.9454521905575464, "logP_test_RMSE_std": 0.009403518801060459, "logP_test_R2_std": 0.002662416217163314, "logP_val_RMSE_mean": 0.42154421893092, "logP_val_R2_mean": 0.9485815104340711, "logP_val_RMSE_std": 0.021725482903664158, "logP_val_R2_std": 0.004967659634269929}