{"logP_test_RMSE_mean": 0.4366073723417713, "logP_test_R2_mean": 0.9452763031283655, "logP_test_RMSE_std": 0.008643832502839122, "logP_test_R2_std": 0.0016936109570079047, "logP_val_RMSE_mean": 0.4181560394438929, "logP_val_R2_mean": 0.9494180201189316, "logP_val_RMSE_std": 0.019398807863758732, "logP_val_R2_std": 0.004478030350162562}