{"logP_test_RMSE_mean": 0.4393480097914555, "logP_test_R2_mean": 0.9444990723357064, "logP_test_RMSE_std": 0.015547225858925007, "logP_test_R2_std": 0.004155176123432203, "logP_val_RMSE_mean": 0.4246356960408, "logP_val_R2_mean": 0.9486195151238185, "logP_val_RMSE_std": 0.016278279101603177, "logP_val_R2_std": 0.0041174101431169854, "Energy_test_RMSE_mean": 0.9322454631204149, "Energy_test_R2_mean": 0.9427665978355619, "Energy_test_RMSE_std": 0.10281357734913527, "Energy_test_R2_std": 0.008182583155923722, "Energy_val_RMSE_mean": 0.9713044187998362, "Energy_val_R2_mean": 0.9248340538695903, "Energy_val_RMSE_std": 0.07127789466835086, "Energy_val_R2_std": 0.013692160594536283}