{"Energy_test_RMSE_mean": 1.1301873932471418, "Energy_test_R2_mean": 0.9233763975082825, "Energy_test_RMSE_std": 0.05887736866973011, "Energy_test_R2_std": 0.008030561479079, "Energy_val_RMSE_mean": 0.9322679907147203, "Energy_val_R2_mean": 0.9387818104008887, "Energy_val_RMSE_std": 0.060589457778978235, "Energy_val_R2_std": 0.012505097100444488}