{"logD_test_RMSE_mean": 0.572385499400748, "logD_test_R2_mean": 0.7921573674016859, "logD_test_RMSE_std": 0.00884637906074896, "logD_test_R2_std": 0.006396117434068833, "logD_val_RMSE_mean": 0.5783569708116741, "logD_val_R2_mean": 0.7630026111230394, "logD_val_RMSE_std": 0.023755688291641066, "logD_val_R2_std": 0.01915548963024455, "logP_test_RMSE_mean": 0.44855776714742285, "logP_test_R2_mean": 0.9421934791221238, "logP_test_RMSE_std": 0.007411536262738826, "logP_test_R2_std": 0.0019096483294848228, "logP_val_RMSE_mean": 0.4649914793307632, "logP_val_R2_mean": 0.9379058520209638, "logP_val_RMSE_std": 0.007497698774322271, "logP_val_R2_std": 0.002647086690428105}