{"logD_test_RMSE_mean": 0.5539195914483737, "logD_test_R2_mean": 0.8052993633744246, "logD_test_RMSE_std": 0.01247596853221722, "logD_test_R2_std": 0.008731385267969098, "logD_val_RMSE_mean": 0.5672041948957496, "logD_val_R2_mean": 0.7721241634976149, "logD_val_RMSE_std": 0.026378291427393362, "logD_val_R2_std": 0.019012746302711516, "logP_test_RMSE_mean": 0.44286790867013465, "logP_test_R2_mean": 0.9436602958175053, "logP_test_RMSE_std": 0.004489143949256775, "logP_test_R2_std": 0.0011416226130299544, "logP_val_RMSE_mean": 0.45663098445227845, "logP_val_R2_mean": 0.940106641874837, "logP_val_RMSE_std": 0.0071007905883300635, "logP_val_R2_std": 0.0027740775518113507}