{"logD_test_RMSE_mean": 0.6647925094562176, "logD_test_R2_mean": 0.7522335622385239, "logD_test_RMSE_std": 0.09363170386805612, "logD_test_R2_std": 0.0694610691484317, "logD_val_RMSE_mean": 0.6143094428307565, "logD_val_R2_mean": 0.7703767639689161, "logD_val_RMSE_std": 0.0797099188607328, "logD_val_R2_std": 0.04997030820820674, "logP_test_RMSE_mean": 0.4429569406980388, "logP_test_R2_mean": 0.9436527585768667, "logP_test_RMSE_std": 0.007862815197874226, "logP_test_R2_std": 0.00220827093966589, "logP_val_RMSE_mean": 0.4247908087008777, "logP_val_R2_mean": 0.9478481669437226, "logP_val_RMSE_std": 0.018843790037090854, "logP_val_R2_std": 0.0037768936672435954}