{"logP_test_RMSE_mean": 0.45476805160197503, "logP_test_R2_mean": 0.9405189199707621, "logP_test_RMSE_std": 0.019583406055467246, "logP_test_R2_std": 0.005584031807381548, "logP_val_RMSE_mean": 0.45053396784089816, "logP_val_R2_mean": 0.9404400424963215, "logP_val_RMSE_std": 0.017797208021309626, "logP_val_R2_std": 0.0036195138424732127, "logS_test_RMSE_mean": 0.5979208658591373, "logS_test_R2_mean": 0.9155895415187512, "logS_test_RMSE_std": 0.04982955105782184, "logS_test_R2_std": 0.017012313786609466, "logS_val_RMSE_mean": 0.5319320839482093, "logS_val_R2_mean": 0.9383499222430881, "logS_val_RMSE_std": 0.044430035319347624, "logS_val_R2_std": 0.009442505422827272}