{"logP_test_RMSE_mean": 0.4489162362230178, "logP_test_R2_mean": 0.940156999132566, "logP_test_RMSE_std": 0.0, "logP_test_R2_std": 0.0, "logP_val_RMSE_mean": 0.4208337882663525, "logP_val_R2_mean": 0.9474739784241779, "logP_val_RMSE_std": 0.0, "logP_val_R2_std": 0.0}