{"Energy_test_RMSE_mean": 0.8961466701357091, "Energy_test_R2_mean": 0.9528201589561156, "Energy_test_RMSE_std": 0.028386416239468096, "Energy_test_R2_std": 0.002965678684165221, "Energy_val_RMSE_mean": 0.926665897912766, "Energy_val_R2_mean": 0.9378223558167942, "Energy_val_RMSE_std": 0.08661277329727719, "Energy_val_R2_std": 0.015405113596520572, "logP_test_RMSE_mean": 0.47207762672563214, "logP_test_R2_mean": 0.9356268101676775, "logP_test_RMSE_std": 0.005700984368560862, "logP_test_R2_std": 0.0015537870720208182, "logP_val_RMSE_mean": 0.44820883339202516, "logP_val_R2_mean": 0.9423374315157362, "logP_val_RMSE_std": 0.005824700310279499, "logP_val_R2_std": 0.0020556532647301867}