{"Energy_test_RMSE_mean": 1.049255047523367, "Energy_test_R2_mean": 0.9339583530676078, "Energy_test_RMSE_std": 0.05452409275365559, "Energy_test_R2_std": 0.006863647141361446, "Energy_val_RMSE_mean": 0.9066905390665974, "Energy_val_R2_mean": 0.9438448166214042, "Energy_val_RMSE_std": 0.1714010567455486, "Energy_val_R2_std": 0.010688970763509326}