{"logP_test_RMSE_mean": 0.43268800487227155, "logP_test_R2_mean": 0.946208101998938, "logP_test_RMSE_std": 0.016007285323913073, "logP_test_R2_std": 0.003728417585687777, "logP_val_RMSE_mean": 0.4189670194100777, "logP_val_R2_mean": 0.9502572218655022, "logP_val_RMSE_std": 0.013372630885713048, "logP_val_R2_std": 0.0029174748812410187, "logD_test_RMSE_mean": 0.5306641110176369, "logD_test_R2_mean": 0.8038716855276687, "logD_test_RMSE_std": 0.023298511083680393, "logD_test_R2_std": 0.01619183686069594, "logD_val_RMSE_mean": 0.527253829282382, "logD_val_R2_mean": 0.8031631304456666, "logD_val_RMSE_std": 0.045864050345274784, "logD_val_R2_std": 0.027699168834201267}