{"logP_test_RMSE_mean": 0.46379516203922794, "logP_test_R2_mean": 0.9361229215165204, "logP_test_RMSE_std": 0.002212081198294688, "logP_test_R2_std": 0.0006095408575589238, "logP_val_RMSE_mean": 0.4520594914111862, "logP_val_R2_mean": 0.9416060418331834, "logP_val_RMSE_std": 0.008754452380243244, "logP_val_R2_std": 0.0028030872767676944}