{"logP_test_RMSE_mean": 0.43722601875043426, "logP_test_R2_mean": 0.9450248834708581, "logP_test_RMSE_std": 0.019293475094137976, "logP_test_R2_std": 0.005194701272499031, "logP_val_RMSE_mean": 0.4307125931479356, "logP_val_R2_mean": 0.9455211128938869, "logP_val_RMSE_std": 0.022929857821750808, "logP_val_R2_std": 0.004766778268514655, "logS_test_RMSE_mean": 0.5759202217491957, "logS_test_R2_mean": 0.921276306042715, "logS_test_RMSE_std": 0.05071116071199775, "logS_test_R2_std": 0.018406633557626385, "logS_val_RMSE_mean": 0.5278341094776902, "logS_val_R2_mean": 0.9392968609130149, "logS_val_RMSE_std": 0.05231105213085648, "logS_val_R2_std": 0.010009595560055467}