{"logD_test_RMSE_mean": 0.5882538103538928, "logD_test_R2_mean": 0.760452244385288, "logD_test_RMSE_std": 0.01774218013112207, "logD_test_R2_std": 0.014454893882697554, "logD_val_RMSE_mean": 0.5701019300142547, "logD_val_R2_mean": 0.7723851885628132, "logD_val_RMSE_std": 0.013798935761492074, "logD_val_R2_std": 0.019003920418686794}