{"logS_test_RMSE_mean": 0.49586387241888374, "logS_test_R2_mean": 0.9349259469322262, "logS_test_RMSE_std": 0.017892529266087136, "logS_test_R2_std": 0.004710684594418958, "logS_val_RMSE_mean": 0.5736338311486557, "logS_val_R2_mean": 0.9234788665185765, "logS_val_RMSE_std": 0.026316628270400773, "logS_val_R2_std": 0.007337193771482941, "logP_test_RMSE_mean": 0.418636524041174, "logP_test_R2_mean": 0.9474937486937178, "logP_test_RMSE_std": 0.010996294747125003, "logP_test_R2_std": 0.002724580827593345, "logP_val_RMSE_mean": 0.45942751444574015, "logP_val_R2_mean": 0.9397154975313793, "logP_val_RMSE_std": 0.024043755143480797, "logP_val_R2_std": 0.005778220252910813}