{"logD_test_RMSE_mean": 0.6585578745251509, "logD_test_R2_mean": 0.8186876096393698, "logD_test_RMSE_std": 0.025738140572687113, "logD_test_R2_std": 0.014340953883447667, "logD_val_RMSE_mean": 0.7027268225128672, "logD_val_R2_mean": 0.7214559606306994, "logD_val_RMSE_std": 0.042237506007158025, "logD_val_R2_std": 0.04512727322132164, "logP_test_RMSE_mean": 0.4334369250777389, "logP_test_R2_mean": 0.9472281262749254, "logP_test_RMSE_std": 0.009920845545415388, "logP_test_R2_std": 0.002441079733655478, "logP_val_RMSE_mean": 0.45294580012514435, "logP_val_R2_mean": 0.9408094925303965, "logP_val_RMSE_std": 0.012200867430674604, "logP_val_R2_std": 0.003718769165818753}