{"logP_test_RMSE_mean": 0.4876450456267629, "logP_test_R2_mean": 0.9293576125551796, "logP_test_RMSE_std": 0.009789775297696734, "logP_test_R2_std": 0.002838668952663811, "logP_val_RMSE_mean": 0.4613301274213031, "logP_val_R2_mean": 0.9391720947103709, "logP_val_RMSE_std": 0.013705907777133312, "logP_val_R2_std": 0.0033429858711509722}