{"Energy_test_RMSE_mean": 1.0407847257944636, "Energy_test_R2_mean": 0.9285506995417411, "Energy_test_RMSE_std": 0.030847702121982287, "Energy_test_R2_std": 0.006301070806864461, "Energy_val_RMSE_mean": 1.0726995493984062, "Energy_val_R2_mean": 0.9295469004709132, "Energy_val_RMSE_std": 0.15731201856981694, "Energy_val_R2_std": 0.013772246192994312}