{"logP_test_RMSE_mean": 0.45039197849846224, "logP_test_R2_mean": 0.9397629033235834, "logP_test_RMSE_std": 0.0, "logP_test_R2_std": 0.0, "logP_val_RMSE_mean": 0.4187572846353469, "logP_val_R2_mean": 0.9479910537469252, "logP_val_RMSE_std": 0.0, "logP_val_R2_std": 0.0}