{"logD_test_RMSE_mean": 0.537059182277542, "logD_test_R2_mean": 0.817064515240771, "logD_test_RMSE_std": 0.0, "logD_test_R2_std": 0.0, "logD_val_RMSE_mean": 0.5250441928778526, "logD_val_R2_mean": 0.8033947981838676, "logD_val_RMSE_std": 0.0, "logD_val_R2_std": 0.0, "logP_test_RMSE_mean": 0.41574610492479946, "logP_test_R2_mean": 0.9503547277543098, "logP_test_RMSE_std": 0.0, "logP_test_R2_std": 0.0, "logP_val_RMSE_mean": 0.44938195203725373, "logP_val_R2_mean": 0.9409115916440233, "logP_val_RMSE_std": 0.0, "logP_val_R2_std": 0.0}