{"logD_test_RMSE_mean": 0.5351254142656121, "logD_test_R2_mean": 0.8183795208297436, "logD_test_RMSE_std": 0.0, "logD_test_R2_std": 0.0, "logD_val_RMSE_mean": 0.522389884120835, "logD_val_R2_mean": 0.805377609662228, "logD_val_RMSE_std": 0.0, "logD_val_R2_std": 0.0, "logP_test_RMSE_mean": 0.42815102127644866, "logP_test_R2_mean": 0.9473479255042937, "logP_test_RMSE_std": 0.0, "logP_test_R2_std": 0.0, "logP_val_RMSE_mean": 0.4449765366420762, "logP_val_R2_mean": 0.9420644329730558, "logP_val_RMSE_std": 0.0, "logP_val_R2_std": 0.0}