{"Energy_test_RMSE_mean": 1.1373011923380094, "Energy_test_R2_mean": 0.9225638834506484, "Energy_test_RMSE_std": 0.030290931854913203, "Energy_test_R2_std": 0.004130345484142286, "Energy_val_RMSE_mean": 0.9637931304782384, "Energy_val_R2_mean": 0.9342637786333462, "Energy_val_RMSE_std": 0.07033920412916908, "Energy_val_R2_std": 0.015950309411393554}