{"logP_test_RMSE_mean": 0.4524815021683459, "logP_test_R2_mean": 0.9391922157989192, "logP_test_RMSE_std": 0.005937800106602983, "logP_test_R2_std": 0.0015900361966777407, "logP_val_RMSE_mean": 0.4387776682961391, "logP_val_R2_mean": 0.9450156963756171, "logP_val_RMSE_std": 0.011895152520344105, "logP_val_R2_std": 0.0018822633390329108}