{"logS_test_RMSE_mean": 0.5984941743872355, "logS_test_R2_mean": 0.9146135700304161, "logS_test_RMSE_std": 0.03267818461389025, "logS_test_R2_std": 0.012033429494997949, "logS_val_RMSE_mean": 0.5947089638110058, "logS_val_R2_mean": 0.9207114164432927, "logS_val_RMSE_std": 0.05503656943994689, "logS_val_R2_std": 0.015401204390288794}