{"logD_test_RMSE_mean": 0.5896986542414198, "logD_test_R2_mean": 0.7561981217178865, "logD_test_RMSE_std": 0.036303673067646716, "logD_test_R2_std": 0.03666797978941317, "logD_val_RMSE_mean": 0.5995564663063517, "logD_val_R2_mean": 0.7466605348604054, "logD_val_RMSE_std": 0.03526108833730017, "logD_val_R2_std": 0.024432409543680512, "logP_test_RMSE_mean": 0.7407882621119632, "logP_test_R2_mean": 0.7624224150308894, "logP_test_RMSE_std": 0.08084226857366508, "logP_test_R2_std": 0.04476935225471914, "logP_val_RMSE_mean": 0.7007722177479405, "logP_val_R2_mean": 0.7000887091475041, "logP_val_RMSE_std": 0.072992963780917, "logP_val_R2_std": 0.03416948849334227}