{"logP_test_RMSE_mean": 0.4453352983285802, "logP_test_R2_mean": 0.9429669202995671, "logP_test_RMSE_std": 0.013252426874556102, "logP_test_R2_std": 0.004098699798804503, "logP_val_RMSE_mean": 0.43250948298776626, "logP_val_R2_mean": 0.9466033416536506, "logP_val_RMSE_std": 0.026872015914477496, "logP_val_R2_std": 0.0065555217401533795, "Energy_test_RMSE_mean": 0.9302567011452367, "Energy_test_R2_mean": 0.9432245871570595, "Energy_test_RMSE_std": 0.10049987152340023, "Energy_test_R2_std": 0.00629524773785837, "Energy_val_RMSE_mean": 1.0464198105689755, "Energy_val_R2_mean": 0.9116994383224213, "Energy_val_RMSE_std": 0.17270793168848506, "Energy_val_R2_std": 0.026868494381836253}