{"logS_test_RMSE_mean": 0.49893867206518794, "logS_test_R2_mean": 0.9341786314336454, "logS_test_RMSE_std": 0.009418968999143375, "logS_test_R2_std": 0.002502696790477863, "logS_val_RMSE_mean": 0.5839143714764774, "logS_val_R2_mean": 0.9207292441747428, "logS_val_RMSE_std": 0.027299610510592494, "logS_val_R2_std": 0.007329512740117187, "logP_test_RMSE_mean": 0.4235276979400216, "logP_test_R2_mean": 0.9462711365156302, "logP_test_RMSE_std": 0.009242547828271282, "logP_test_R2_std": 0.0023246388477261627, "logP_val_RMSE_mean": 0.45818242248129243, "logP_val_R2_mean": 0.9400893522437568, "logP_val_RMSE_std": 0.018641702382364612, "logP_val_R2_std": 0.004426818290924944}