{"Energy_test_RMSE_mean": 1.1008987762173275, "Energy_test_R2_mean": 0.9273827829779443, "Energy_test_RMSE_std": 0.04294007913581473, "Energy_test_R2_std": 0.0056973218027087415, "Energy_val_RMSE_mean": 0.9218249191252702, "Energy_val_R2_mean": 0.9405617067056378, "Energy_val_RMSE_std": 0.0880574558440744, "Energy_val_R2_std": 0.011901385887642058}