{"logP_test_RMSE_mean": 0.46073935649840514, "logP_test_R2_mean": 0.9369588529189405, "logP_test_RMSE_std": 0.0038767777818882847, "logP_test_R2_std": 0.0010644038090011783, "logP_val_RMSE_mean": 0.4422998790135957, "logP_val_R2_mean": 0.9441306912845826, "logP_val_RMSE_std": 0.01655616281600655, "logP_val_R2_std": 0.0027474183583587252}