{"Energy_test_RMSE_mean": 0.9849914734255998, "Energy_test_R2_mean": 0.9355618292281784, "Energy_test_RMSE_std": 0.07296508446676463, "Energy_test_R2_std": 0.011458143192616095, "Energy_val_RMSE_mean": 0.9896176997582199, "Energy_val_R2_mean": 0.939910914634481, "Energy_val_RMSE_std": 0.13435670850507825, "Energy_val_R2_std": 0.011485508195483779}