{"logD_test_RMSE_mean": 0.549397250391551, "logD_test_R2_mean": 0.7897738273239019, "logD_test_RMSE_std": 0.022719607346115583, "logD_test_R2_std": 0.005707237431413593, "logD_val_RMSE_mean": 0.5575899706628236, "logD_val_R2_mean": 0.7948736619996999, "logD_val_RMSE_std": 0.07209658172567143, "logD_val_R2_std": 0.05036125730001624}