{"logP_test_RMSE_mean": 0.4507734938507043, "logP_test_R2_mean": 0.9416571750893379, "logP_test_RMSE_std": 0.010413197212181265, "logP_test_R2_std": 0.002306385679803576, "logP_val_RMSE_mean": 0.43232399411977696, "logP_val_R2_mean": 0.9459445231468674, "logP_val_RMSE_std": 0.017417537374504997, "logP_val_R2_std": 0.004270564683326466}