{"logD_test_RMSE_mean": 0.6128499349221713, "logD_test_R2_mean": 0.7358712384790386, "logD_test_RMSE_std": 0.022218437676085622, "logD_test_R2_std": 0.018935441563879232, "logD_val_RMSE_mean": 0.5800317007389119, "logD_val_R2_mean": 0.765930553093319, "logD_val_RMSE_std": 0.015323182571208037, "logD_val_R2_std": 0.012872040747341874, "logP_test_RMSE_mean": 0.8394683701938412, "logP_test_R2_mean": 0.6941123811642715, "logP_test_RMSE_std": 0.06070476220086675, "logP_test_R2_std": 0.04558773178280537, "logP_val_RMSE_mean": 0.6707005260093623, "logP_val_R2_mean": 0.795241409035796, "logP_val_RMSE_std": 0.07841439708807064, "logP_val_R2_std": 0.05962749970859848}