{"Energy_test_RMSE_mean": 1.0433856782805246, "Energy_test_R2_mean": 0.9282104980711618, "Energy_test_RMSE_std": 0.051562741449423015, "Energy_test_R2_std": 0.007317206878566181, "Energy_val_RMSE_mean": 1.072547462906916, "Energy_val_R2_mean": 0.9295140538404993, "Energy_val_RMSE_std": 0.14027943403127788, "Energy_val_R2_std": 0.012529142203844667}