{"logD_test_RMSE_mean": 0.583200563270857, "logD_test_R2_mean": 0.7647641049587042, "logD_test_RMSE_std": 0.0, "logD_test_R2_std": 0.0, "logD_val_RMSE_mean": 0.5486259425243163, "logD_val_R2_mean": 0.7877618037933871, "logD_val_RMSE_std": 0.0, "logD_val_R2_std": 0.0}