{"logS_test_RMSE_mean": 0.6365967213173104, "logS_test_R2_mean": 0.8939561776085441, "logS_test_RMSE_std": 0.019530777801997808, "logS_test_R2_std": 0.006606802720403381, "logS_val_RMSE_mean": 0.5642117884008113, "logS_val_R2_mean": 0.9264782878814599, "logS_val_RMSE_std": 0.011021018926677383, "logS_val_R2_std": 0.004127549841950765}