{"logP_test_RMSE_mean": 0.4670374298774734, "logP_test_R2_mean": 0.9379236425384893, "logP_test_RMSE_std": 0.0075468125477254795, "logP_test_R2_std": 0.001989868116334083, "logP_val_RMSE_mean": 0.4297306758964189, "logP_val_R2_mean": 0.9469018893325557, "logP_val_RMSE_std": 0.007969615488517842, "logP_val_R2_std": 0.0019429960168363739}