{"logP_test_RMSE_mean": 0.44951786863663223, "logP_test_R2_mean": 0.93999607318099, "logP_test_RMSE_std": 0.001184531516985867, "logP_test_R2_std": 0.00031611391134869115, "logP_val_RMSE_mean": 0.43752793532865764, "logP_val_R2_mean": 0.9453250140566642, "logP_val_RMSE_std": 0.00912363156400586, "logP_val_R2_std": 0.002058303703171824}