{"logP_test_RMSE_mean": 0.46849925200945447, "logP_test_R2_mean": 0.9368380762296779, "logP_test_RMSE_std": 0.017833254431453137, "logP_test_R2_std": 0.0055260781909813135, "logP_val_RMSE_mean": 0.45503950922792546, "logP_val_R2_mean": 0.9409002846534724, "logP_val_RMSE_std": 0.03052845002409211, "logP_val_R2_std": 0.007374527064981335, "Energy_test_RMSE_mean": 1.0288173412849348, "Energy_test_R2_mean": 0.9298946897944311, "Energy_test_RMSE_std": 0.052972488694125956, "Energy_test_R2_std": 0.0078050182957420415, "Energy_val_RMSE_mean": 1.1904736460066192, "Energy_val_R2_mean": 0.8867147536643346, "Energy_val_RMSE_std": 0.1780387788236865, "Energy_val_R2_std": 0.030089352591809674}