{"logD_test_RMSE_mean": 0.5891091970257034, "logD_test_R2_mean": 0.7596912101953969, "logD_test_RMSE_std": 0.02020021074340968, "logD_test_R2_std": 0.01639285209561288, "logD_val_RMSE_mean": 0.570940040843777, "logD_val_R2_mean": 0.7716509395213111, "logD_val_RMSE_std": 0.016967296387212193, "logD_val_R2_std": 0.020597353125430085}