{"logD_test_RMSE_mean": 0.5952584865929362, "logD_test_R2_mean": 0.7522224110508589, "logD_test_RMSE_std": 0.035686738944171174, "logD_test_R2_std": 0.028764836730117843, "logD_val_RMSE_mean": 0.611138628562829, "logD_val_R2_mean": 0.7542642537228577, "logD_val_RMSE_std": 0.07100861615772049, "logD_val_R2_std": 0.05442746156903053}