{"logD_test_RMSE_mean": 0.7101723356072659, "logD_test_R2_mean": 0.7890751283254183, "logD_test_RMSE_std": 0.030940328377249027, "logD_test_R2_std": 0.017961757564163065, "logD_val_RMSE_mean": 0.6797178217894403, "logD_val_R2_mean": 0.7392369375197259, "logD_val_RMSE_std": 0.06329895088422328, "logD_val_R2_std": 0.04899533758611918, "logP_test_RMSE_mean": 0.441020549111644, "logP_test_R2_mean": 0.9453739517362143, "logP_test_RMSE_std": 0.008436548638827418, "logP_test_R2_std": 0.002078721208542103, "logP_val_RMSE_mean": 0.44785145088482425, "logP_val_R2_mean": 0.9421109613782491, "logP_val_RMSE_std": 0.015175947643410029, "logP_val_R2_std": 0.004357065010754991}